[
    {
        "login_email": "elias@ing.unrc.edu.ar",
        "nombre": "Elias Coranti",
        "alert_email": "eliascoranti3@gmail.com",
        "recibir_notificaciones": true
    },
    {
        "login_email": "vmora@ing.unrc.edu.ar",
        "nombre": "Vale",
        "alert_email": "vmora@ing.unrc.edu.ar",
        "recibir_notificaciones": true
    },
    {
        "login_email": "eliascoranti3@gmail.com",
        "nombre": "Elias Gmail",
        "alert_email": "elias.a.coranti@gmail.com",
        "recibir_notificaciones": true
    }
]