[
    {
        "timestamp": "2025-06-14T16:30:14.470915",
        "variable": "voltaje",
        "valor": 1.0,
        "umbral": "Min: 200.0, Max: 240.0"
    },
    {
        "timestamp": "2025-06-14T16:38:47.014322",
        "variable": "voltaje",
        "valor": 1.0,
        "umbral": "Min: 200.0, Max: 240.0"
    },
    {
        "timestamp": "2025-06-14T23:08:33.871945",
        "variable": "voltaje",
        "valor": 1.0,
        "umbral": "Min: 200.0, Max: 240.0"
    },
    {
        "timestamp": "2025-06-14T23:26:16.047332",
        "variable": "voltaje",
        "valor": 1.0,
        "umbral": "Min: 200.0, Max: 240.0"
    }
]